cname,ccodealp,year,region,wdi_pop,vdem_polyarchy,vdem_corr,ht_colonial
Antigua and Barbuda,ATG,1990,Caribbean,63328,NA,NA,British
Antigua and Barbuda,ATG,1991,Caribbean,63634,NA,NA,British
Antigua and Barbuda,ATG,1992,Caribbean,64659,NA,NA,British
Antigua and Barbuda,ATG,1993,Caribbean,65834,NA,NA,British
Antigua and Barbuda,ATG,1994,Caribbean,67072,NA,NA,British
Antigua and Barbuda,ATG,1995,Caribbean,68398,NA,NA,British
Antigua and Barbuda,ATG,1996,Caribbean,69798,NA,NA,British
Antigua and Barbuda,ATG,1997,Caribbean,71218,NA,NA,British
Antigua and Barbuda,ATG,1998,Caribbean,72572,NA,NA,British
Antigua and Barbuda,ATG,1999,Caribbean,73821,NA,NA,British
Antigua and Barbuda,ATG,2000,Caribbean,75055,NA,NA,British
Antigua and Barbuda,ATG,2001,Caribbean,76215,NA,NA,British
Antigua and Barbuda,ATG,2002,Caribbean,77195,NA,NA,British
Antigua and Barbuda,ATG,2003,Caribbean,78075,NA,NA,British
Antigua and Barbuda,ATG,2004,Caribbean,78941,NA,NA,British
Antigua and Barbuda,ATG,2005,Caribbean,79869,NA,NA,British
Antigua and Barbuda,ATG,2006,Caribbean,80895,NA,NA,British
Antigua and Barbuda,ATG,2007,Caribbean,82016,NA,NA,British
Antigua and Barbuda,ATG,2008,Caribbean,83251,NA,NA,British
Antigua and Barbuda,ATG,2009,Caribbean,84534,NA,NA,British
Antigua and Barbuda,ATG,2010,Caribbean,85695,NA,NA,British
Antigua and Barbuda,ATG,2011,Caribbean,86729,NA,NA,British
Antigua and Barbuda,ATG,2012,Caribbean,87674,NA,NA,British
Antigua and Barbuda,ATG,2013,Caribbean,88497,NA,NA,British
Antigua and Barbuda,ATG,2014,Caribbean,89236,NA,NA,British
Antigua and Barbuda,ATG,2015,Caribbean,89941,NA,NA,British
Antigua and Barbuda,ATG,2016,Caribbean,90564,NA,NA,British
Antigua and Barbuda,ATG,2017,Caribbean,91119,NA,NA,British
Antigua and Barbuda,ATG,2018,Caribbean,91626,NA,NA,British
Antigua and Barbuda,ATG,2019,Caribbean,92117,NA,NA,British
Antigua and Barbuda,ATG,2020,Caribbean,92664,NA,NA,British
Argentina,ARG,1990,South America,32637657,0.835,0.524,Spanish
Argentina,ARG,1991,South America,33105763,0.834,0.524,Spanish
Argentina,ARG,1992,South America,33568285,0.835,0.524,Spanish
Argentina,ARG,1993,South America,34027240,0.834,0.524,Spanish
Argentina,ARG,1994,South America,34488696,0.837,0.524,Spanish
Argentina,ARG,1995,South America,34946110,0.836,0.524,Spanish
Argentina,ARG,1996,South America,35389362,0.833,0.524,Spanish
Argentina,ARG,1997,South America,35815971,0.832,0.524,Spanish
Argentina,ARG,1998,South America,36233195,0.83,0.524,Spanish
Argentina,ARG,1999,South America,36653031,0.83,0.524,Spanish
Argentina,ARG,2000,South America,37070774,0.839,0.412,Spanish
Argentina,ARG,2001,South America,37480493,0.838,0.412,Spanish
Argentina,ARG,2002,South America,37885028,0.833,0.434,Spanish
Argentina,ARG,2003,South America,38278164,0.815,0.457,Spanish
Argentina,ARG,2004,South America,38668796,0.812,0.457,Spanish
Argentina,ARG,2005,South America,39070501,0.81,0.457,Spanish
Argentina,ARG,2006,South America,39476851,0.799,0.457,Spanish
Argentina,ARG,2007,South America,39876111,0.797,0.457,Spanish
Argentina,ARG,2008,South America,40273769,0.789,0.457,Spanish
Argentina,ARG,2009,South America,40684338,0.784,0.457,Spanish
Argentina,ARG,2010,South America,40788453,0.773,0.457,Spanish
Argentina,ARG,2011,South America,41261490,0.774,0.457,Spanish
Argentina,ARG,2012,South America,41733271,0.777,0.457,Spanish
Argentina,ARG,2013,South America,42202935,0.782,0.48,Spanish
Argentina,ARG,2014,South America,42669500,0.798,0.48,Spanish
Argentina,ARG,2015,South America,43131966,0.785,0.456,Spanish
Argentina,ARG,2016,South America,43590368,0.762,0.44,Spanish
Argentina,ARG,2017,South America,44044811,0.756,0.44,Spanish
Argentina,ARG,2018,South America,44494502,0.777,0.432,Spanish
Argentina,ARG,2019,South America,44938712,0.778,0.436,Spanish
Argentina,ARG,2020,South America,45376763,0.819,0.44,Spanish
Bahamas (the),BHS,1990,Caribbean,270679,NA,NA,British
Bahamas (the),BHS,1991,Caribbean,276058,NA,NA,British
Bahamas (the),BHS,1992,Caribbean,281973,NA,NA,British
Bahamas (the),BHS,1993,Caribbean,288164,NA,NA,British
Bahamas (the),BHS,1994,Caribbean,293997,NA,NA,British
Bahamas (the),BHS,1995,Caribbean,299554,NA,NA,British
Bahamas (the),BHS,1996,Caribbean,304933,NA,NA,British
Bahamas (the),BHS,1997,Caribbean,310171,NA,NA,British
Bahamas (the),BHS,1998,Caribbean,315398,NA,NA,British
Bahamas (the),BHS,1999,Caribbean,320272,NA,NA,British
Bahamas (the),BHS,2000,Caribbean,325014,NA,NA,British
Bahamas (the),BHS,2001,Caribbean,329626,NA,NA,British
Bahamas (the),BHS,2002,Caribbean,334002,NA,NA,British
Bahamas (the),BHS,2003,Caribbean,338490,NA,NA,British
Bahamas (the),BHS,2004,Caribbean,343089,NA,NA,British
Bahamas (the),BHS,2005,Caribbean,347804,NA,NA,British
Bahamas (the),BHS,2006,Caribbean,352664,NA,NA,British
Bahamas (the),BHS,2007,Caribbean,357666,NA,NA,British
Bahamas (the),BHS,2008,Caribbean,362795,NA,NA,British
Bahamas (the),BHS,2009,Caribbean,368057,NA,NA,British
Bahamas (the),BHS,2010,Caribbean,373272,NA,NA,British
Bahamas (the),BHS,2011,Caribbean,377950,NA,NA,British
Bahamas (the),BHS,2012,Caribbean,382061,NA,NA,British
Bahamas (the),BHS,2013,Caribbean,385650,NA,NA,British
Bahamas (the),BHS,2014,Caribbean,389131,NA,NA,British
Bahamas (the),BHS,2015,Caribbean,392697,NA,NA,British
Bahamas (the),BHS,2016,Caribbean,395976,NA,NA,British
Bahamas (the),BHS,2017,Caribbean,399020,NA,NA,British
Bahamas (the),BHS,2018,Caribbean,401906,NA,NA,British
Bahamas (the),BHS,2019,Caribbean,404557,NA,NA,British
Bahamas (the),BHS,2020,Caribbean,406471,NA,NA,British
Barbados,BRB,1990,Caribbean,258868,0.745,0.122,British
Barbados,BRB,1991,Caribbean,259402,0.759,0.122,British
Barbados,BRB,1992,Caribbean,260212,0.76,0.122,British
Barbados,BRB,1993,Caribbean,260995,0.76,0.122,British
Barbados,BRB,1994,Caribbean,261712,0.763,0.122,British
Barbados,BRB,1995,Caribbean,262303,0.768,0.122,British
Barbados,BRB,1996,Caribbean,262793,0.768,0.122,British
Barbados,BRB,1997,Caribbean,263224,0.768,0.122,British
Barbados,BRB,1998,Caribbean,263642,0.768,0.122,British
Barbados,BRB,1999,Caribbean,264170,0.768,0.122,British
Barbados,BRB,2000,Caribbean,264657,0.768,0.122,British
Barbados,BRB,2001,Caribbean,265377,0.768,0.122,British
Barbados,BRB,2002,Caribbean,266455,0.768,0.122,British
Barbados,BRB,2003,Caribbean,267499,0.768,0.122,British
Barbados,BRB,2004,Caribbean,268505,0.767,0.122,British
Barbados,BRB,2005,Caribbean,269477,0.767,0.122,British
Barbados,BRB,2006,Caribbean,270425,0.767,0.122,British
Barbados,BRB,2007,Caribbean,271444,0.767,0.122,British
Barbados,BRB,2008,Caribbean,272635,0.784,0.122,British
Barbados,BRB,2009,Caribbean,273791,0.785,0.122,British
Barbados,BRB,2010,Caribbean,274711,0.785,0.128,British
Barbados,BRB,2011,Caribbean,275486,0.785,0.128,British
Barbados,BRB,2012,Caribbean,276197,0.785,0.128,British
Barbados,BRB,2013,Caribbean,276865,0.779,0.128,British
Barbados,BRB,2014,Caribbean,277493,0.778,0.128,British
Barbados,BRB,2015,Caribbean,278083,0.773,0.143,British
Barbados,BRB,2016,Caribbean,278649,0.773,0.143,British
Barbados,BRB,2017,Caribbean,279187,0.775,0.143,British
Barbados,BRB,2018,Caribbean,279688,0.777,0.114,British
Barbados,BRB,2019,Caribbean,280180,0.787,0.105,British
Barbados,BRB,2020,Caribbean,280693,0.797,0.105,British
Bolivia,BOL,1990,South America,7096194,0.666,0.705,Spanish
Bolivia,BOL,1991,South America,7244891,0.701,0.705,Spanish
Bolivia,BOL,1992,South America,7394419,0.716,0.705,Spanish
Bolivia,BOL,1993,South America,7544489,0.727,0.705,Spanish
Bolivia,BOL,1994,South America,7693722,0.736,0.703,Spanish
Bolivia,BOL,1995,South America,7841471,0.749,0.703,Spanish
Bolivia,BOL,1996,South America,7989367,0.749,0.703,Spanish
Bolivia,BOL,1997,South America,8137619,0.752,0.722,Spanish
Bolivia,BOL,1998,South America,8286928,0.749,0.722,Spanish
Bolivia,BOL,1999,South America,8439052,0.758,0.722,Spanish
Bolivia,BOL,2000,South America,8592656,0.758,0.722,Spanish
Bolivia,BOL,2001,South America,8746084,0.752,0.722,Spanish
Bolivia,BOL,2002,South America,8900583,0.74,0.729,Spanish
Bolivia,BOL,2003,South America,9057378,0.735,0.722,Spanish
Bolivia,BOL,2004,South America,9216279,0.766,0.675,Spanish
Bolivia,BOL,2005,South America,9377388,0.76,0.676,Spanish
Bolivia,BOL,2006,South America,9542663,0.739,0.703,Spanish
Bolivia,BOL,2007,South America,9711152,0.73,0.703,Spanish
Bolivia,BOL,2008,South America,9880593,0.73,0.703,Spanish
Bolivia,BOL,2009,South America,10051317,0.729,0.703,Spanish
Bolivia,BOL,2010,South America,10223270,0.691,0.727,Spanish
Bolivia,BOL,2011,South America,10396246,0.692,0.727,Spanish
Bolivia,BOL,2012,South America,10569697,0.684,0.727,Spanish
Bolivia,BOL,2013,South America,10743349,0.674,0.698,Spanish
Bolivia,BOL,2014,South America,10916987,0.661,0.699,Spanish
Bolivia,BOL,2015,South America,11090085,0.63,0.668,Spanish
Bolivia,BOL,2016,South America,11263015,0.629,0.669,Spanish
Bolivia,BOL,2017,South America,11435533,0.629,0.667,Spanish
Bolivia,BOL,2018,South America,11606905,0.606,0.662,Spanish
Bolivia,BOL,2019,South America,11777315,0.553,0.661,Spanish
Bolivia,BOL,2020,South America,11936162,0.327,0.662,Spanish
Brazil,BRA,1990,South America,150706446,0.816,0.588,Portuguese
Brazil,BRA,1991,South America,153336445,0.842,0.588,Portuguese
Brazil,BRA,1992,South America,155900790,0.852,0.588,Portuguese
Brazil,BRA,1993,South America,158440875,0.853,0.546,Portuguese
Brazil,BRA,1994,South America,160980472,0.857,0.498,Portuguese
Brazil,BRA,1995,South America,163515328,0.857,0.503,Portuguese
Brazil,BRA,1996,South America,166037122,0.859,0.498,Portuguese
Brazil,BRA,1997,South America,168546707,0.859,0.498,Portuguese
Brazil,BRA,1998,South America,171039804,0.86,0.498,Portuguese
Brazil,BRA,1999,South America,173486281,0.862,0.498,Portuguese
Brazil,BRA,2000,South America,175873720,0.865,0.498,Portuguese
Brazil,BRA,2001,South America,178211881,0.865,0.498,Portuguese
Brazil,BRA,2002,South America,180476685,0.867,0.531,Portuguese
Brazil,BRA,2003,South America,182629278,0.863,0.531,Portuguese
Brazil,BRA,2004,South America,184722043,0.863,0.531,Portuguese
Brazil,BRA,2005,South America,186797334,0.877,0.486,Portuguese
Brazil,BRA,2006,South America,188820682,0.877,0.482,Portuguese
Brazil,BRA,2007,South America,190779453,0.873,0.482,Portuguese
Brazil,BRA,2008,South America,192672317,0.873,0.482,Portuguese
Brazil,BRA,2009,South America,194517549,0.873,0.482,Portuguese
Brazil,BRA,2010,South America,196353492,0.877,0.482,Portuguese
Brazil,BRA,2011,South America,198185302,0.879,0.48,Portuguese
Brazil,BRA,2012,South America,199977707,0.874,0.48,Portuguese
Brazil,BRA,2013,South America,201721767,0.878,0.48,Portuguese
Brazil,BRA,2014,South America,203459650,0.878,0.496,Portuguese
Brazil,BRA,2015,South America,205188205,0.872,0.496,Portuguese
Brazil,BRA,2016,South America,206859578,0.808,0.561,Portuguese
Brazil,BRA,2017,South America,208504960,0.775,0.555,Portuguese
Brazil,BRA,2018,South America,210166592,0.764,0.555,Portuguese
Brazil,BRA,2019,South America,211782878,0.676,0.498,Portuguese
Brazil,BRA,2020,South America,213196304,0.678,0.488,Portuguese
Belize,BLZ,1990,Central America,182589,NA,NA,British
Belize,BLZ,1991,Central America,186462,NA,NA,British
Belize,BLZ,1992,Central America,190299,NA,NA,British
Belize,BLZ,1993,Central America,194177,NA,NA,British
Belize,BLZ,1994,Central America,198416,NA,NA,British
Belize,BLZ,1995,Central America,203556,NA,NA,British
Belize,BLZ,1996,Central America,209840,NA,NA,British
Belize,BLZ,1997,Central America,217117,NA,NA,British
Belize,BLZ,1998,Central America,224907,NA,NA,British
Belize,BLZ,1999,Central America,232733,NA,NA,British
Belize,BLZ,2000,Central America,240406,NA,NA,British
Belize,BLZ,2001,Central America,248100,NA,NA,British
Belize,BLZ,2002,Central America,255987,NA,NA,British
Belize,BLZ,2003,Central America,263998,NA,NA,British
Belize,BLZ,2004,Central America,272128,NA,NA,British
Belize,BLZ,2005,Central America,280375,NA,NA,British
Belize,BLZ,2006,Central America,288729,NA,NA,British
Belize,BLZ,2007,Central America,297173,NA,NA,British
Belize,BLZ,2008,Central America,305671,NA,NA,British
Belize,BLZ,2009,Central America,314171,NA,NA,British
Belize,BLZ,2010,Central America,322106,NA,NA,British
Belize,BLZ,2011,Central America,329538,NA,NA,British
Belize,BLZ,2012,Central America,337059,NA,NA,British
Belize,BLZ,2013,Central America,344688,NA,NA,British
Belize,BLZ,2014,Central America,352335,NA,NA,British
Belize,BLZ,2015,Central America,359871,NA,NA,British
Belize,BLZ,2016,Central America,367313,NA,NA,British
Belize,BLZ,2017,Central America,374693,NA,NA,British
Belize,BLZ,2018,Central America,382066,NA,NA,British
Belize,BLZ,2019,Central America,389095,NA,NA,British
Belize,BLZ,2020,Central America,394921,NA,NA,British
Canada,CAN,1990,Northern America,27691138,0.831,0.041,Never colonized
Canada,CAN,1991,Northern America,28037420,0.831,0.041,Never colonized
Canada,CAN,1992,Northern America,28371264,0.826,0.041,Never colonized
Canada,CAN,1993,Northern America,28684764,0.827,0.041,Never colonized
Canada,CAN,1994,Northern America,29000663,0.833,0.044,Never colonized
Canada,CAN,1995,Northern America,29302311,0.833,0.044,Never colonized
Canada,CAN,1996,Northern America,29610218,0.837,0.044,Never colonized
Canada,CAN,1997,Northern America,29905948,0.836,0.044,Never colonized
Canada,CAN,1998,Northern America,30155173,0.835,0.044,Never colonized
Canada,CAN,1999,Northern America,30401286,0.835,0.044,Never colonized
Canada,CAN,2000,Northern America,30685730,0.836,0.044,Never colonized
Canada,CAN,2001,Northern America,31020902,0.83,0.044,Never colonized
Canada,CAN,2002,Northern America,31360079,0.826,0.044,Never colonized
Canada,CAN,2003,Northern America,31644028,0.826,0.044,Never colonized
Canada,CAN,2004,Northern America,31940655,0.825,0.044,Never colonized
Canada,CAN,2005,Northern America,32243753,0.824,0.044,Never colonized
Canada,CAN,2006,Northern America,32571174,0.834,0.044,Never colonized
Canada,CAN,2007,Northern America,32889025,0.834,0.039,Never colonized
Canada,CAN,2008,Northern America,33247118,0.833,0.04,Never colonized
Canada,CAN,2009,Northern America,33628895,0.832,0.04,Never colonized
Canada,CAN,2010,Northern America,34004889,0.832,0.037,Never colonized
Canada,CAN,2011,Northern America,34339328,0.814,0.037,Never colonized
Canada,CAN,2012,Northern America,34714222,0.807,0.037,Never colonized
Canada,CAN,2013,Northern America,35082954,0.816,0.027,Never colonized
Canada,CAN,2014,Northern America,35437435,0.808,0.027,Never colonized
Canada,CAN,2015,Northern America,35702908,0.812,0.026,Never colonized
Canada,CAN,2016,Northern America,36109487,0.841,0.026,Never colonized
Canada,CAN,2017,Northern America,36545236,0.846,0.026,Never colonized
Canada,CAN,2018,Northern America,37065084,0.847,0.026,Never colonized
Canada,CAN,2019,Northern America,37601230,0.851,0.028,Never colonized
Canada,CAN,2020,Northern America,38037204,0.862,0.036,Never colonized
Chile,CHL,1990,South America,13342868,0.733,0.138,Spanish
Chile,CHL,1991,South America,13561945,0.828,0.063,Spanish
Chile,CHL,1992,South America,13782297,0.828,0.063,Spanish
Chile,CHL,1993,South America,13998386,0.826,0.063,Spanish
Chile,CHL,1994,South America,14210674,0.864,0.063,Spanish
Chile,CHL,1995,South America,14416796,0.864,0.063,Spanish
Chile,CHL,1996,South America,14615483,0.864,0.063,Spanish
Chile,CHL,1997,South America,14809289,0.864,0.063,Spanish
Chile,CHL,1998,South America,14996742,0.865,0.063,Spanish
Chile,CHL,1999,South America,15176410,0.861,0.063,Spanish
Chile,CHL,2000,South America,15351799,0.882,0.063,Spanish
Chile,CHL,2001,South America,15523978,0.882,0.063,Spanish
Chile,CHL,2002,South America,15693790,0.883,0.063,Spanish
Chile,CHL,2003,South America,15859112,0.883,0.063,Spanish
Chile,CHL,2004,South America,16017966,0.883,0.063,Spanish
Chile,CHL,2005,South America,16175311,0.881,0.063,Spanish
Chile,CHL,2006,South America,16334575,0.892,0.063,Spanish
Chile,CHL,2007,South America,16495538,0.892,0.063,Spanish
Chile,CHL,2008,South America,16661462,0.892,0.063,Spanish
Chile,CHL,2009,South America,16833447,0.891,0.063,Spanish
Chile,CHL,2010,South America,17004162,0.893,0.07,Spanish
Chile,CHL,2011,South America,17173573,0.896,0.07,Spanish
Chile,CHL,2012,South America,17341771,0.895,0.07,Spanish
Chile,CHL,2013,South America,17509925,0.895,0.079,Spanish
Chile,CHL,2014,South America,17687108,0.894,0.079,Spanish
Chile,CHL,2015,South America,17870124,0.89,0.09,Spanish
Chile,CHL,2016,South America,18083879,0.891,0.09,Spanish
Chile,CHL,2017,South America,18368577,0.892,0.08,Spanish
Chile,CHL,2018,South America,18701450,0.873,0.061,Spanish
Chile,CHL,2019,South America,19039485,0.83,0.06,Spanish
Chile,CHL,2020,South America,19300315,0.835,0.06,Spanish
Colombia,COL,1990,South America,32601393,0.482,0.582,Spanish
Colombia,COL,1991,South America,33272628,0.503,0.582,Spanish
Colombia,COL,1992,South America,33939039,0.567,0.509,Spanish
Colombia,COL,1993,South America,34614735,0.567,0.509,Spanish
Colombia,COL,1994,South America,35295461,0.565,0.509,Spanish
Colombia,COL,1995,South America,35970101,0.566,0.509,Spanish
Colombia,COL,1996,South America,36632573,0.561,0.509,Spanish
Colombia,COL,1997,South America,37291946,0.561,0.509,Spanish
Colombia,COL,1998,South America,37944414,0.552,0.509,Spanish
Colombia,COL,1999,South America,38585033,0.544,0.509,Spanish
Colombia,COL,2000,South America,39215135,0.555,0.497,Spanish
Colombia,COL,2001,South America,39837875,0.551,0.497,Spanish
Colombia,COL,2002,South America,40454050,0.547,0.497,Spanish
Colombia,COL,2003,South America,41057687,0.546,0.497,Spanish
Colombia,COL,2004,South America,41648268,0.546,0.497,Spanish
Colombia,COL,2005,South America,42220940,0.551,0.497,Spanish
Colombia,COL,2006,South America,42772910,0.575,0.497,Spanish
Colombia,COL,2007,South America,43306582,0.583,0.504,Spanish
Colombia,COL,2008,South America,43815313,0.587,0.504,Spanish
Colombia,COL,2009,South America,44313917,0.586,0.509,Spanish
Colombia,COL,2010,South America,44816108,0.627,0.497,Spanish
Colombia,COL,2011,South America,45308899,0.661,0.482,Spanish
Colombia,COL,2012,South America,45782417,0.665,0.482,Spanish
Colombia,COL,2013,South America,46237930,0.669,0.483,Spanish
Colombia,COL,2014,South America,46677947,0.679,0.483,Spanish
Colombia,COL,2015,South America,47119728,0.685,0.478,Spanish
Colombia,COL,2016,South America,47625955,0.676,0.47,Spanish
Colombia,COL,2017,South America,48351671,0.672,0.476,Spanish
Colombia,COL,2018,South America,49276961,0.678,0.47,Spanish
Colombia,COL,2019,South America,50187406,0.663,0.415,Spanish
Colombia,COL,2020,South America,50930662,0.652,0.447,Spanish
Costa Rica,CRI,1990,Central America,3158253,0.896,0.27,Spanish
Costa Rica,CRI,1991,Central America,3239414,0.899,0.27,Spanish
Costa Rica,CRI,1992,Central America,3321939,0.899,0.27,Spanish
Costa Rica,CRI,1993,Central America,3405372,0.899,0.27,Spanish
Costa Rica,CRI,1994,Central America,3489152,0.898,0.27,Spanish
Costa Rica,CRI,1995,Central America,3572856,0.898,0.205,Spanish
Costa Rica,CRI,1996,Central America,3656234,0.898,0.205,Spanish
Costa Rica,CRI,1997,Central America,3739421,0.898,0.205,Spanish
Costa Rica,CRI,1998,Central America,3821421,0.9,0.205,Spanish
Costa Rica,CRI,1999,Central America,3901430,0.9,0.183,Spanish
Costa Rica,CRI,2000,Central America,3979193,0.901,0.183,Spanish
Costa Rica,CRI,2001,Central America,4053222,0.901,0.183,Spanish
Costa Rica,CRI,2002,Central America,4122623,0.904,0.183,Spanish
Costa Rica,CRI,2003,Central America,4188610,0.904,0.174,Spanish
Costa Rica,CRI,2004,Central America,4252800,0.902,0.174,Spanish
Costa Rica,CRI,2005,Central America,4315887,0.902,0.174,Spanish
Costa Rica,CRI,2006,Central America,4378172,0.909,0.19,Spanish
Costa Rica,CRI,2007,Central America,4440019,0.912,0.19,Spanish
Costa Rica,CRI,2008,Central America,4501921,0.912,0.19,Spanish
Costa Rica,CRI,2009,Central America,4563127,0.912,0.19,Spanish
Costa Rica,CRI,2010,Central America,4622252,0.915,0.188,Spanish
Costa Rica,CRI,2011,Central America,4679926,0.916,0.185,Spanish
Costa Rica,CRI,2012,Central America,4736593,0.913,0.188,Spanish
Costa Rica,CRI,2013,Central America,4791535,0.913,0.188,Spanish
Costa Rica,CRI,2014,Central America,4844288,0.912,0.179,Spanish
Costa Rica,CRI,2015,Central America,4895242,0.912,0.18,Spanish
Costa Rica,CRI,2016,Central America,4945205,0.908,0.185,Spanish
Costa Rica,CRI,2017,Central America,4993842,0.906,0.202,Spanish
Costa Rica,CRI,2018,Central America,5040734,0.897,0.195,Spanish
Costa Rica,CRI,2019,Central America,5084532,0.899,0.189,Spanish
Costa Rica,CRI,2020,Central America,5123105,0.903,0.189,Spanish
Cuba,CUB,1990,Caribbean,10626680,0.071,0.411,Spanish
Cuba,CUB,1991,Caribbean,10713812,0.071,0.411,Spanish
Cuba,CUB,1992,Caribbean,10783748,0.071,0.454,Spanish
Cuba,CUB,1993,Caribbean,10840934,0.104,0.454,Spanish
Cuba,CUB,1994,Caribbean,10887207,0.109,0.454,Spanish
Cuba,CUB,1995,Caribbean,10926703,0.109,0.454,Spanish
Cuba,CUB,1996,Caribbean,10963031,0.109,0.454,Spanish
Cuba,CUB,1997,Caribbean,10998129,0.109,0.454,Spanish
Cuba,CUB,1998,Caribbean,11033758,0.116,0.454,Spanish
Cuba,CUB,1999,Caribbean,11070094,0.116,0.454,Spanish
Cuba,CUB,2000,Caribbean,11105791,0.116,0.454,Spanish
Cuba,CUB,2001,Caribbean,11139127,0.116,0.454,Spanish
Cuba,CUB,2002,Caribbean,11170051,0.116,0.454,Spanish
Cuba,CUB,2003,Caribbean,11199217,0.115,0.454,Spanish
Cuba,CUB,2004,Caribbean,11225294,0.115,0.454,Spanish
Cuba,CUB,2005,Caribbean,11246114,0.115,0.454,Spanish
Cuba,CUB,2006,Caribbean,11260630,0.115,0.454,Spanish
Cuba,CUB,2007,Caribbean,11269887,0.115,0.454,Spanish
Cuba,CUB,2008,Caribbean,11276609,0.171,0.454,Spanish
Cuba,CUB,2009,Caribbean,11283185,0.17,0.454,Spanish
Cuba,CUB,2010,Caribbean,11290417,0.17,0.454,Spanish
Cuba,CUB,2011,Caribbean,11298710,0.17,0.454,Spanish
Cuba,CUB,2012,Caribbean,11309290,0.17,0.454,Spanish
Cuba,CUB,2013,Caribbean,11321579,0.174,0.435,Spanish
Cuba,CUB,2014,Caribbean,11332026,0.174,0.435,Spanish
Cuba,CUB,2015,Caribbean,11339894,0.174,0.444,Spanish
Cuba,CUB,2016,Caribbean,11342012,0.175,0.419,Spanish
Cuba,CUB,2017,Caribbean,11336405,0.175,0.463,Spanish
Cuba,CUB,2018,Caribbean,11328244,0.182,0.45,Spanish
Cuba,CUB,2019,Caribbean,11316697,0.182,0.45,Spanish
Cuba,CUB,2020,Caribbean,11300698,0.182,0.45,Spanish
Dominica,DMA,1990,Caribbean,69481,NA,NA,British
Dominica,DMA,1991,Caribbean,69141,NA,NA,British
Dominica,DMA,1992,Caribbean,69112,NA,NA,British
Dominica,DMA,1993,Caribbean,69169,NA,NA,British
Dominica,DMA,1994,Caribbean,69198,NA,NA,British
Dominica,DMA,1995,Caribbean,69201,NA,NA,British
Dominica,DMA,1996,Caribbean,69166,NA,NA,British
Dominica,DMA,1997,Caribbean,69081,NA,NA,British
Dominica,DMA,1998,Caribbean,68938,NA,NA,British
Dominica,DMA,1999,Caribbean,68698,NA,NA,British
Dominica,DMA,2000,Caribbean,68346,NA,NA,British
Dominica,DMA,2001,Caribbean,68153,NA,NA,British
Dominica,DMA,2002,Caribbean,68262,NA,NA,British
Dominica,DMA,2003,Caribbean,68442,NA,NA,British
Dominica,DMA,2004,Caribbean,68574,NA,NA,British
Dominica,DMA,2005,Caribbean,68674,NA,NA,British
Dominica,DMA,2006,Caribbean,68742,NA,NA,British
Dominica,DMA,2007,Caribbean,68775,NA,NA,British
Dominica,DMA,2008,Caribbean,68782,NA,NA,British
Dominica,DMA,2009,Caribbean,68787,NA,NA,British
Dominica,DMA,2010,Caribbean,68755,NA,NA,British
Dominica,DMA,2011,Caribbean,68742,NA,NA,British
Dominica,DMA,2012,Caribbean,68888,NA,NA,British
Dominica,DMA,2013,Caribbean,68819,NA,NA,British
Dominica,DMA,2014,Caribbean,69371,NA,NA,British
Dominica,DMA,2015,Caribbean,70007,NA,NA,British
Dominica,DMA,2016,Caribbean,70075,NA,NA,British
Dominica,DMA,2017,Caribbean,70403,NA,NA,British
Dominica,DMA,2018,Caribbean,70823,NA,NA,British
Dominica,DMA,2019,Caribbean,71428,NA,NA,British
Dominica,DMA,2020,Caribbean,71995,NA,NA,British
Dominican Republic (the),DOM,1990,Caribbean,7129004,0.447,0.858,Spanish
Dominican Republic (the),DOM,1991,Caribbean,7278402,0.421,0.858,Spanish
Dominican Republic (the),DOM,1992,Caribbean,7427340,0.421,0.858,Spanish
Dominican Republic (the),DOM,1993,Caribbean,7576074,0.421,0.858,Spanish
Dominican Republic (the),DOM,1994,Caribbean,7723934,0.419,0.858,Spanish
Dominican Republic (the),DOM,1995,Caribbean,7869753,0.435,0.858,Spanish
Dominican Republic (the),DOM,1996,Caribbean,8012314,0.516,0.858,Spanish
Dominican Republic (the),DOM,1997,Caribbean,8150076,0.597,0.831,Spanish
Dominican Republic (the),DOM,1998,Caribbean,8282126,0.614,0.831,Spanish
Dominican Republic (the),DOM,1999,Caribbean,8411374,0.62,0.831,Spanish
Dominican Republic (the),DOM,2000,Caribbean,8540791,0.632,0.831,Spanish
Dominican Republic (the),DOM,2001,Caribbean,8669040,0.645,0.831,Spanish
Dominican Republic (the),DOM,2002,Caribbean,8795101,0.642,0.831,Spanish
Dominican Republic (the),DOM,2003,Caribbean,8919852,0.641,0.831,Spanish
Dominican Republic (the),DOM,2004,Caribbean,9043127,0.626,0.831,Spanish
Dominican Republic (the),DOM,2005,Caribbean,9164768,0.617,0.831,Spanish
Dominican Republic (the),DOM,2006,Caribbean,9284168,0.613,0.831,Spanish
Dominican Republic (the),DOM,2007,Caribbean,9402206,0.609,0.831,Spanish
Dominican Republic (the),DOM,2008,Caribbean,9522948,0.607,0.831,Spanish
Dominican Republic (the),DOM,2009,Caribbean,9648061,0.606,0.831,Spanish
Dominican Republic (the),DOM,2010,Caribbean,9775755,0.601,0.831,Spanish
Dominican Republic (the),DOM,2011,Caribbean,9903737,0.593,0.831,Spanish
Dominican Republic (the),DOM,2012,Caribbean,10030882,0.591,0.831,Spanish
Dominican Republic (the),DOM,2013,Caribbean,10157051,0.582,0.822,Spanish
Dominican Republic (the),DOM,2014,Caribbean,10282115,0.582,0.822,Spanish
Dominican Republic (the),DOM,2015,Caribbean,10405832,0.557,0.809,Spanish
Dominican Republic (the),DOM,2016,Caribbean,10527592,0.537,0.809,Spanish
Dominican Republic (the),DOM,2017,Caribbean,10647244,0.521,0.838,Spanish
Dominican Republic (the),DOM,2018,Caribbean,10765531,0.523,0.861,Spanish
Dominican Republic (the),DOM,2019,Caribbean,10881882,0.509,0.864,Spanish
Dominican Republic (the),DOM,2020,Caribbean,10999664,0.582,0.669,Spanish
Ecuador,ECU,1990,South America,10449837,0.73,0.623,Spanish
Ecuador,ECU,1991,South America,10686279,0.73,0.623,Spanish
Ecuador,ECU,1992,South America,10914222,0.729,0.623,Spanish
Ecuador,ECU,1993,South America,11132829,0.719,0.627,Spanish
Ecuador,ECU,1994,South America,11347652,0.71,0.623,Spanish
Ecuador,ECU,1995,South America,11561683,0.711,0.639,Spanish
Ecuador,ECU,1996,South America,11775221,0.711,0.654,Spanish
Ecuador,ECU,1997,South America,11987838,0.711,0.674,Spanish
Ecuador,ECU,1998,South America,12199693,0.708,0.671,Spanish
Ecuador,ECU,1999,South America,12412046,0.705,0.683,Spanish
Ecuador,ECU,2000,South America,12626507,0.703,0.672,Spanish
Ecuador,ECU,2001,South America,12845521,0.703,0.672,Spanish
Ecuador,ECU,2002,South America,13070609,0.704,0.672,Spanish
Ecuador,ECU,2003,South America,13301184,0.706,0.689,Spanish
Ecuador,ECU,2004,South America,13534593,0.706,0.689,Spanish
Ecuador,ECU,2005,South America,13770012,0.706,0.663,Spanish
Ecuador,ECU,2006,South America,14009061,0.711,0.653,Spanish
Ecuador,ECU,2007,South America,14251835,0.672,0.641,Spanish
Ecuador,ECU,2008,South America,14496797,0.646,0.631,Spanish
Ecuador,ECU,2009,South America,14742766,0.622,0.627,Spanish
Ecuador,ECU,2010,South America,14989585,0.592,0.628,Spanish
Ecuador,ECU,2011,South America,15237728,0.59,0.628,Spanish
Ecuador,ECU,2012,South America,15483883,0.591,0.631,Spanish
Ecuador,ECU,2013,South America,15722989,0.57,0.633,Spanish
Ecuador,ECU,2014,South America,15957994,0.56,0.637,Spanish
Ecuador,ECU,2015,South America,16195902,0.565,0.633,Spanish
Ecuador,ECU,2016,South America,16439585,0.563,0.632,Spanish
Ecuador,ECU,2017,South America,16696944,0.6,0.591,Spanish
Ecuador,ECU,2018,South America,17015672,0.676,0.607,Spanish
Ecuador,ECU,2019,South America,17343740,0.655,0.597,Spanish
Ecuador,ECU,2020,South America,17588595,0.649,0.603,Spanish
El Salvador,SLV,1990,Central America,5367179,0.216,0.827,Spanish
El Salvador,SLV,1991,Central America,5461070,0.224,0.827,Spanish
El Salvador,SLV,1992,Central America,5552206,0.275,0.787,Spanish
El Salvador,SLV,1993,Central America,5630987,0.379,0.768,Spanish
El Salvador,SLV,1994,Central America,5693038,0.472,0.748,Spanish
El Salvador,SLV,1995,Central America,5748195,0.487,0.748,Spanish
El Salvador,SLV,1996,Central America,5797140,0.491,0.748,Spanish
El Salvador,SLV,1997,Central America,5842638,0.495,0.748,Spanish
El Salvador,SLV,1998,Central America,5885083,0.493,0.748,Spanish
El Salvador,SLV,1999,Central America,5923852,0.504,0.748,Spanish
El Salvador,SLV,2000,Central America,5958482,0.523,0.748,Spanish
El Salvador,SLV,2001,Central America,5988095,0.532,0.748,Spanish
El Salvador,SLV,2002,Central America,6011275,0.546,0.748,Spanish
El Salvador,SLV,2003,Central America,6026849,0.542,0.748,Spanish
El Salvador,SLV,2004,Central America,6035655,0.54,0.778,Spanish
El Salvador,SLV,2005,Central America,6037817,0.544,0.78,Spanish
El Salvador,SLV,2006,Central America,6034436,0.561,0.78,Spanish
El Salvador,SLV,2007,Central America,6044131,0.565,0.78,Spanish
El Salvador,SLV,2008,Central America,6068099,0.566,0.771,Spanish
El Salvador,SLV,2009,Central America,6091188,0.6,0.744,Spanish
El Salvador,SLV,2010,Central America,6114034,0.613,0.71,Spanish
El Salvador,SLV,2011,Central America,6137349,0.613,0.71,Spanish
El Salvador,SLV,2012,Central America,6161289,0.626,0.71,Spanish
El Salvador,SLV,2013,Central America,6185642,0.625,0.606,Spanish
El Salvador,SLV,2014,Central America,6209526,0.68,0.585,Spanish
El Salvador,SLV,2015,Central America,6231066,0.669,0.58,Spanish
El Salvador,SLV,2016,Central America,6250510,0.675,0.59,Spanish
El Salvador,SLV,2017,Central America,6266654,0.69,0.617,Spanish
El Salvador,SLV,2018,Central America,6276342,0.65,0.707,Spanish
El Salvador,SLV,2019,Central America,6280217,0.64,0.586,Spanish
El Salvador,SLV,2020,Central America,6292731,0.577,0.724,Spanish
Grenada,GRD,1990,Caribbean,99047,NA,NA,British
Grenada,GRD,1991,Caribbean,99758,NA,NA,British
Grenada,GRD,1992,Caribbean,101040,NA,NA,British
Grenada,GRD,1993,Caribbean,102173,NA,NA,British
Grenada,GRD,1994,Caribbean,103174,NA,NA,British
Grenada,GRD,1995,Caribbean,104060,NA,NA,British
Grenada,GRD,1996,Caribbean,104846,NA,NA,British
Grenada,GRD,1997,Caribbean,105549,NA,NA,British
Grenada,GRD,1998,Caribbean,106200,NA,NA,British
Grenada,GRD,1999,Caribbean,106823,NA,NA,British
Grenada,GRD,2000,Caribbean,107432,NA,NA,British
Grenada,GRD,2001,Caribbean,107936,NA,NA,British
Grenada,GRD,2002,Caribbean,108231,NA,NA,British
Grenada,GRD,2003,Caribbean,108740,NA,NA,British
Grenada,GRD,2004,Caribbean,109516,NA,NA,British
Grenada,GRD,2005,Caribbean,110254,NA,NA,British
Grenada,GRD,2006,Caribbean,110988,NA,NA,British
Grenada,GRD,2007,Caribbean,111725,NA,NA,British
Grenada,GRD,2008,Caribbean,112478,NA,NA,British
Grenada,GRD,2009,Caribbean,113249,NA,NA,British
Grenada,GRD,2010,Caribbean,114039,NA,NA,British
Grenada,GRD,2011,Caribbean,114918,NA,NA,British
Grenada,GRD,2012,Caribbean,115912,NA,NA,British
Grenada,GRD,2013,Caribbean,116945,NA,NA,British
Grenada,GRD,2014,Caribbean,117972,NA,NA,British
Grenada,GRD,2015,Caribbean,118980,NA,NA,British
Grenada,GRD,2016,Caribbean,119966,NA,NA,British
Grenada,GRD,2017,Caribbean,120921,NA,NA,British
Grenada,GRD,2018,Caribbean,121838,NA,NA,British
Grenada,GRD,2019,Caribbean,122724,NA,NA,British
Grenada,GRD,2020,Caribbean,123663,NA,NA,British
Guatemala,GTM,1990,Central America,9050115,0.374,0.854,Spanish
Guatemala,GTM,1991,Central America,9296814,0.389,0.854,Spanish
Guatemala,GTM,1992,Central America,9544055,0.389,0.854,Spanish
Guatemala,GTM,1993,Central America,9790619,0.39,0.798,Spanish
Guatemala,GTM,1994,Central America,10037522,0.4,0.793,Spanish
Guatemala,GTM,1995,Central America,10286786,0.411,0.793,Spanish
Guatemala,GTM,1996,Central America,10536942,0.443,0.765,Spanish
Guatemala,GTM,1997,Central America,10788362,0.496,0.765,Spanish
Guatemala,GTM,1998,Central America,11046215,0.496,0.765,Spanish
Guatemala,GTM,1999,Central America,11311078,0.498,0.789,Spanish
Guatemala,GTM,2000,Central America,11589761,0.558,0.815,Spanish
Guatemala,GTM,2001,Central America,11871565,0.558,0.815,Spanish
Guatemala,GTM,2002,Central America,12147518,0.558,0.815,Spanish
Guatemala,GTM,2003,Central America,12415334,0.56,0.815,Spanish
Guatemala,GTM,2004,Central America,12682108,0.575,0.776,Spanish
Guatemala,GTM,2005,Central America,12948292,0.575,0.776,Spanish
Guatemala,GTM,2006,Central America,13213330,0.575,0.776,Spanish
Guatemala,GTM,2007,Central America,13477017,0.578,0.776,Spanish
Guatemala,GTM,2008,Central America,13739299,0.591,0.769,Spanish
Guatemala,GTM,2009,Central America,14000190,0.589,0.769,Spanish
Guatemala,GTM,2010,Central America,14259687,0.588,0.766,Spanish
Guatemala,GTM,2011,Central America,14521515,0.586,0.769,Spanish
Guatemala,GTM,2012,Central America,14781942,0.58,0.767,Spanish
Guatemala,GTM,2013,Central America,15043981,0.58,0.777,Spanish
Guatemala,GTM,2014,Central America,15306316,0.579,0.777,Spanish
Guatemala,GTM,2015,Central America,15567419,0.597,0.737,Spanish
Guatemala,GTM,2016,Central America,15827690,0.635,0.708,Spanish
Guatemala,GTM,2017,Central America,16087418,0.625,0.722,Spanish
Guatemala,GTM,2018,Central America,16346950,0.598,0.762,Spanish
Guatemala,GTM,2019,Central America,16604026,0.576,0.762,Spanish
Guatemala,GTM,2020,Central America,16858333,0.56,0.754,Spanish
Guyana,GUY,1990,South America,747116,0.314,0.542,British
Guyana,GUY,1991,South America,744096,0.309,0.542,British
Guyana,GUY,1992,South America,744998,0.339,0.542,British
Guyana,GUY,1993,South America,747189,0.444,0.463,British
Guyana,GUY,1994,South America,749546,0.444,0.447,British
Guyana,GUY,1995,South America,751689,0.444,0.447,British
Guyana,GUY,1996,South America,753571,0.444,0.447,British
Guyana,GUY,1997,South America,755211,0.455,0.563,British
Guyana,GUY,1998,South America,756697,0.537,0.537,British
Guyana,GUY,1999,South America,758014,0.536,0.519,British
Guyana,GUY,2000,South America,759051,0.53,0.579,British
Guyana,GUY,2001,South America,759809,0.562,0.579,British
Guyana,GUY,2002,South America,760323,0.574,0.579,British
Guyana,GUY,2003,South America,760562,0.597,0.579,British
Guyana,GUY,2004,South America,760424,0.597,0.579,British
Guyana,GUY,2005,South America,759709,0.597,0.579,British
Guyana,GUY,2006,South America,758367,0.595,0.579,British
Guyana,GUY,2007,South America,756521,0.593,0.579,British
Guyana,GUY,2008,South America,754150,0.591,0.579,British
Guyana,GUY,2009,South America,751258,0.592,0.579,British
Guyana,GUY,2010,South America,747932,0.593,0.583,British
Guyana,GUY,2011,South America,744230,0.588,0.583,British
Guyana,GUY,2012,South America,743966,0.588,0.583,British
Guyana,GUY,2013,South America,747420,0.616,0.572,British
Guyana,GUY,2014,South America,751115,0.614,0.572,British
Guyana,GUY,2015,South America,755031,0.652,0.477,British
Guyana,GUY,2016,South America,759087,0.671,0.401,British
Guyana,GUY,2017,South America,763252,0.664,0.424,British
Guyana,GUY,2018,South America,785514,0.682,0.381,British
Guyana,GUY,2019,South America,798753,0.654,0.384,British
Guyana,GUY,2020,South America,797202,0.578,0.423,British
Haiti,HTI,1990,Caribbean,6925331,0.199,0.861,French
Haiti,HTI,1991,Caribbean,7066055,0.315,0.866,French
Haiti,HTI,1992,Caribbean,7205780,0.193,0.85,French
Haiti,HTI,1993,Caribbean,7345940,0.225,0.85,French
Haiti,HTI,1994,Caribbean,7486091,0.229,0.85,French
Haiti,HTI,1995,Caribbean,7627316,0.354,0.85,French
Haiti,HTI,1996,Caribbean,7770593,0.431,0.85,French
Haiti,HTI,1997,Caribbean,7915172,0.442,0.82,French
Haiti,HTI,1998,Caribbean,8060896,0.444,0.82,French
Haiti,HTI,1999,Caribbean,8208941,0.444,0.82,French
Haiti,HTI,2000,Caribbean,8360225,0.424,0.82,French
Haiti,HTI,2001,Caribbean,8511728,0.416,0.843,French
Haiti,HTI,2002,Caribbean,8661546,0.416,0.843,French
Haiti,HTI,2003,Caribbean,8812245,0.414,0.843,French
Haiti,HTI,2004,Caribbean,8961489,0.25,0.832,French
Haiti,HTI,2005,Caribbean,9111900,0.241,0.843,French
Haiti,HTI,2006,Caribbean,9266288,0.373,0.845,French
Haiti,HTI,2007,Caribbean,9420826,0.454,0.843,French
Haiti,HTI,2008,Caribbean,9575247,0.454,0.843,French
Haiti,HTI,2009,Caribbean,9730638,0.448,0.843,French
Haiti,HTI,2010,Caribbean,9842880,0.446,0.855,French
Haiti,HTI,2011,Caribbean,9954312,0.425,0.862,French
Haiti,HTI,2012,Caribbean,10108539,0.433,0.862,French
Haiti,HTI,2013,Caribbean,10261206,0.43,0.843,French
Haiti,HTI,2014,Caribbean,10412740,0.43,0.858,French
Haiti,HTI,2015,Caribbean,10563757,0.416,0.869,French
Haiti,HTI,2016,Caribbean,10713849,0.4,0.846,French
Haiti,HTI,2017,Caribbean,10863543,0.411,0.86,French
Haiti,HTI,2018,Caribbean,11012421,0.421,0.9,French
Haiti,HTI,2019,Caribbean,11160438,0.412,0.893,French
Haiti,HTI,2020,Caribbean,11306801,0.386,0.852,French
Honduras,HND,1990,Central America,5053234,0.497,0.848,Spanish
Honduras,HND,1991,Central America,5196887,0.501,0.852,Spanish
Honduras,HND,1992,Central America,5344774,0.501,0.852,Spanish
Honduras,HND,1993,Central America,5496841,0.501,0.852,Spanish
Honduras,HND,1994,Central America,5652934,0.538,0.843,Spanish
Honduras,HND,1995,Central America,5812832,0.556,0.843,Spanish
Honduras,HND,1996,Central America,5976550,0.563,0.843,Spanish
Honduras,HND,1997,Central America,6144112,0.562,0.843,Spanish
Honduras,HND,1998,Central America,6308537,0.557,0.843,Spanish
Honduras,HND,1999,Central America,6477365,0.559,0.843,Spanish
Honduras,HND,2000,Central America,6656725,0.559,0.84,Spanish
Honduras,HND,2001,Central America,6837861,0.559,0.84,Spanish
Honduras,HND,2002,Central America,7019908,0.557,0.842,Spanish
Honduras,HND,2003,Central America,7201881,0.573,0.842,Spanish
Honduras,HND,2004,Central America,7383407,0.573,0.842,Spanish
Honduras,HND,2005,Central America,7564613,0.568,0.842,Spanish
Honduras,HND,2006,Central America,7745200,0.526,0.842,Spanish
Honduras,HND,2007,Central America,7924462,0.524,0.844,Spanish
Honduras,HND,2008,Central America,8101777,0.524,0.844,Spanish
Honduras,HND,2009,Central America,8277302,0.472,0.844,Spanish
Honduras,HND,2010,Central America,8450933,0.412,0.847,Spanish
Honduras,HND,2011,Central America,8622504,0.423,0.848,Spanish
Honduras,HND,2012,Central America,8792367,0.42,0.848,Spanish
Honduras,HND,2013,Central America,8960657,0.425,0.847,Spanish
Honduras,HND,2014,Central America,9127846,0.449,0.847,Spanish
Honduras,HND,2015,Central America,9294505,0.444,0.847,Spanish
Honduras,HND,2016,Central America,9460798,0.442,0.847,Spanish
Honduras,HND,2017,Central America,9626842,0.442,0.842,Spanish
Honduras,HND,2018,Central America,9792850,0.379,0.84,Spanish
Honduras,HND,2019,Central America,9958829,0.38,0.836,Spanish
Honduras,HND,2020,Central America,10121763,0.381,0.823,Spanish
Jamaica,JAM,1990,Caribbean,2392030,0.581,0.191,British
Jamaica,JAM,1991,Caribbean,2411867,0.581,0.191,British
Jamaica,JAM,1992,Caribbean,2434574,0.581,0.191,British
Jamaica,JAM,1993,Caribbean,2459062,0.618,0.191,British
Jamaica,JAM,1994,Caribbean,2484182,0.632,0.191,British
Jamaica,JAM,1995,Caribbean,2509372,0.64,0.191,British
Jamaica,JAM,1996,Caribbean,2532894,0.641,0.191,British
Jamaica,JAM,1997,Caribbean,2554954,0.642,0.191,British
Jamaica,JAM,1998,Caribbean,2576567,0.682,0.191,British
Jamaica,JAM,1999,Caribbean,2596271,0.682,0.191,British
Jamaica,JAM,2000,Caribbean,2612205,0.685,0.191,British
Jamaica,JAM,2001,Caribbean,2625405,0.685,0.191,British
Jamaica,JAM,2002,Caribbean,2638244,0.699,0.191,British
Jamaica,JAM,2003,Caribbean,2651027,0.75,0.191,British
Jamaica,JAM,2004,Caribbean,2664024,0.75,0.191,British
Jamaica,JAM,2005,Caribbean,2676863,0.762,0.191,British
Jamaica,JAM,2006,Caribbean,2689660,0.767,0.191,British
Jamaica,JAM,2007,Caribbean,2701221,0.773,0.191,British
Jamaica,JAM,2008,Caribbean,2711373,0.784,0.191,British
Jamaica,JAM,2009,Caribbean,2722401,0.784,0.191,British
Jamaica,JAM,2010,Caribbean,2733896,0.784,0.191,British
Jamaica,JAM,2011,Caribbean,2746169,0.784,0.191,British
Jamaica,JAM,2012,Caribbean,2759817,0.792,0.188,British
Jamaica,JAM,2013,Caribbean,2773129,0.812,0.15,British
Jamaica,JAM,2014,Caribbean,2784543,0.812,0.15,British
Jamaica,JAM,2015,Caribbean,2794445,0.812,0.15,British
Jamaica,JAM,2016,Caribbean,2802695,0.815,0.145,British
Jamaica,JAM,2017,Caribbean,2808376,0.818,0.145,British
Jamaica,JAM,2018,Caribbean,2811835,0.818,0.137,British
Jamaica,JAM,2019,Caribbean,2813773,0.813,0.137,British
Jamaica,JAM,2020,Caribbean,2820436,0.817,0.181,British
Mexico,MEX,1990,Central America,81720428,0.396,0.77,Spanish
Mexico,MEX,1991,Central America,83351595,0.416,0.77,Spanish
Mexico,MEX,1992,Central America,84993164,0.439,0.77,Spanish
Mexico,MEX,1993,Central America,86648447,0.456,0.77,Spanish
Mexico,MEX,1994,Central America,88314424,0.473,0.679,Spanish
Mexico,MEX,1995,Central America,89969572,0.485,0.661,Spanish
Mexico,MEX,1996,Central America,91586555,0.513,0.661,Spanish
Mexico,MEX,1997,Central America,93183094,0.548,0.646,Spanish
Mexico,MEX,1998,Central America,94767284,0.601,0.643,Spanish
Mexico,MEX,1999,Central America,96334810,0.604,0.643,Spanish
Mexico,MEX,2000,Central America,97873442,0.641,0.552,Spanish
Mexico,MEX,2001,Central America,99394288,0.682,0.547,Spanish
Mexico,MEX,2002,Central America,100917081,0.695,0.567,Spanish
Mexico,MEX,2003,Central America,102429341,0.703,0.611,Spanish
Mexico,MEX,2004,Central America,103945813,0.711,0.611,Spanish
Mexico,MEX,2005,Central America,105442402,0.711,0.611,Spanish
Mexico,MEX,2006,Central America,106886790,0.672,0.61,Spanish
Mexico,MEX,2007,Central America,108302973,0.637,0.61,Spanish
Mexico,MEX,2008,Central America,109684489,0.646,0.61,Spanish
Mexico,MEX,2009,Central America,111049428,0.647,0.61,Spanish
Mexico,MEX,2010,Central America,112532401,0.654,0.636,Spanish
Mexico,MEX,2011,Central America,114150481,0.652,0.636,Spanish
Mexico,MEX,2012,Central America,115755909,0.649,0.662,Spanish
Mexico,MEX,2013,Central America,117290686,0.623,0.769,Spanish
Mexico,MEX,2014,Central America,118755887,0.623,0.769,Spanish
Mexico,MEX,2015,Central America,120149897,0.633,0.742,Spanish
Mexico,MEX,2016,Central America,121519221,0.636,0.742,Spanish
Mexico,MEX,2017,Central America,122839258,0.63,0.701,Spanish
Mexico,MEX,2018,Central America,124013861,0.674,0.689,Spanish
Mexico,MEX,2019,Central America,125085311,0.669,0.601,Spanish
Mexico,MEX,2020,Central America,125998302,0.647,0.586,Spanish
Nicaragua,NIC,1990,Central America,4227820,0.62,0.585,Spanish
Nicaragua,NIC,1991,Central America,4327289,0.694,0.58,Spanish
Nicaragua,NIC,1992,Central America,4427172,0.698,0.571,Spanish
Nicaragua,NIC,1993,Central America,4526689,0.702,0.571,Spanish
Nicaragua,NIC,1994,Central America,4625260,0.702,0.571,Spanish
Nicaragua,NIC,1995,Central America,4721929,0.701,0.552,Spanish
Nicaragua,NIC,1996,Central America,4812391,0.689,0.661,Spanish
Nicaragua,NIC,1997,Central America,4895962,0.643,0.793,Spanish
Nicaragua,NIC,1998,Central America,4974552,0.643,0.793,Spanish
Nicaragua,NIC,1999,Central America,5049878,0.605,0.793,Spanish
Nicaragua,NIC,2000,Central America,5123222,0.604,0.793,Spanish
Nicaragua,NIC,2001,Central America,5192764,0.607,0.729,Spanish
Nicaragua,NIC,2002,Central America,5259006,0.627,0.708,Spanish
Nicaragua,NIC,2003,Central America,5323062,0.621,0.708,Spanish
Nicaragua,NIC,2004,Central America,5386223,0.621,0.734,Spanish
Nicaragua,NIC,2005,Central America,5454678,0.621,0.734,Spanish
Nicaragua,NIC,2006,Central America,5529811,0.603,0.738,Spanish
Nicaragua,NIC,2007,Central America,5607453,0.485,0.823,Spanish
Nicaragua,NIC,2008,Central America,5687744,0.471,0.82,Spanish
Nicaragua,NIC,2009,Central America,5770639,0.47,0.82,Spanish
Nicaragua,NIC,2010,Central America,5855734,0.465,0.815,Spanish
Nicaragua,NIC,2011,Central America,5942553,0.455,0.815,Spanish
Nicaragua,NIC,2012,Central America,6030607,0.389,0.815,Spanish
Nicaragua,NIC,2013,Central America,6119379,0.34,0.832,Spanish
Nicaragua,NIC,2014,Central America,6208676,0.339,0.834,Spanish
Nicaragua,NIC,2015,Central America,6298598,0.338,0.842,Spanish
Nicaragua,NIC,2016,Central America,6389235,0.332,0.842,Spanish
Nicaragua,NIC,2017,Central America,6480532,0.296,0.844,Spanish
Nicaragua,NIC,2018,Central America,6572233,0.237,0.867,Spanish
Nicaragua,NIC,2019,Central America,6663924,0.231,0.872,Spanish
Nicaragua,NIC,2020,Central America,6755895,0.239,0.919,Spanish
Panama,PAN,1990,Central America,2449968,0.306,0.706,Spanish
Panama,PAN,1991,Central America,2502044,0.688,0.577,Spanish
Panama,PAN,1992,Central America,2554382,0.705,0.577,Spanish
Panama,PAN,1993,Central America,2607499,0.709,0.577,Spanish
Panama,PAN,1994,Central America,2661385,0.711,0.577,Spanish
Panama,PAN,1995,Central America,2716067,0.713,0.577,Spanish
Panama,PAN,1996,Central America,2771606,0.713,0.577,Spanish
Panama,PAN,1997,Central America,2827992,0.713,0.577,Spanish
Panama,PAN,1998,Central America,2885177,0.705,0.577,Spanish
Panama,PAN,1999,Central America,2943120,0.707,0.577,Spanish
Panama,PAN,2000,Central America,3001731,0.738,0.577,Spanish
Panama,PAN,2001,Central America,3061024,0.744,0.577,Spanish
Panama,PAN,2002,Central America,3120990,0.744,0.577,Spanish
Panama,PAN,2003,Central America,3181608,0.744,0.577,Spanish
Panama,PAN,2004,Central America,3243311,0.744,0.577,Spanish
Panama,PAN,2005,Central America,3305868,0.743,0.577,Spanish
Panama,PAN,2006,Central America,3368573,0.743,0.577,Spanish
Panama,PAN,2007,Central America,3431614,0.743,0.577,Spanish
Panama,PAN,2008,Central America,3495276,0.743,0.577,Spanish
Panama,PAN,2009,Central America,3559343,0.752,0.577,Spanish
Panama,PAN,2010,Central America,3623617,0.753,0.577,Spanish
Panama,PAN,2011,Central America,3688674,0.753,0.577,Spanish
Panama,PAN,2012,Central America,3754862,0.753,0.577,Spanish
Panama,PAN,2013,Central America,3821556,0.762,0.575,Spanish
Panama,PAN,2014,Central America,3888793,0.753,0.575,Spanish
Panama,PAN,2015,Central America,3957099,0.759,0.575,Spanish
Panama,PAN,2016,Central America,4026336,0.759,0.575,Spanish
Panama,PAN,2017,Central America,4096063,0.742,0.551,Spanish
Panama,PAN,2018,Central America,4165255,0.733,0.506,Spanish
Panama,PAN,2019,Central America,4232532,0.738,0.504,Spanish
Panama,PAN,2020,Central America,4294396,0.742,0.512,Spanish
Paraguay,PRY,1990,South America,4059195,0.388,0.927,Spanish
Paraguay,PRY,1991,South America,4167996,0.394,0.927,Spanish
Paraguay,PRY,1992,South America,4277051,0.481,0.912,Spanish
Paraguay,PRY,1993,South America,4386202,0.511,0.891,Spanish
Paraguay,PRY,1994,South America,4495301,0.53,0.891,Spanish
Paraguay,PRY,1995,South America,4603917,0.53,0.891,Spanish
Paraguay,PRY,1996,South America,4711655,0.533,0.891,Spanish
Paraguay,PRY,1997,South America,4818289,0.534,0.891,Spanish
Paraguay,PRY,1998,South America,4923449,0.539,0.891,Spanish
Paraguay,PRY,1999,South America,5026031,0.541,0.894,Spanish
Paraguay,PRY,2000,South America,5123819,0.545,0.87,Spanish
Paraguay,PRY,2001,South America,5211541,0.545,0.87,Spanish
Paraguay,PRY,2002,South America,5286512,0.545,0.87,Spanish
Paraguay,PRY,2003,South America,5353254,0.569,0.824,Spanish
Paraguay,PRY,2004,South America,5416324,0.602,0.807,Spanish
Paraguay,PRY,2005,South America,5476878,0.602,0.807,Spanish
Paraguay,PRY,2006,South America,5534675,0.602,0.807,Spanish
Paraguay,PRY,2007,South America,5590145,0.602,0.807,Spanish
Paraguay,PRY,2008,South America,5645148,0.596,0.759,Spanish
Paraguay,PRY,2009,South America,5702574,0.635,0.759,Spanish
Paraguay,PRY,2010,South America,5768613,0.644,0.759,Spanish
Paraguay,PRY,2011,South America,5843939,0.637,0.759,Spanish
Paraguay,PRY,2012,South America,5923322,0.606,0.803,Spanish
Paraguay,PRY,2013,South America,6005652,0.59,0.826,Spanish
Paraguay,PRY,2014,South America,6090721,0.601,0.825,Spanish
Paraguay,PRY,2015,South America,6177950,0.587,0.837,Spanish
Paraguay,PRY,2016,South America,6266615,0.587,0.837,Spanish
Paraguay,PRY,2017,South America,6355404,0.588,0.832,Spanish
Paraguay,PRY,2018,South America,6443328,0.582,0.785,Spanish
Paraguay,PRY,2019,South America,6530026,0.577,0.789,Spanish
Paraguay,PRY,2020,South America,6618695,0.57,0.765,Spanish
Peru,PER,1990,South America,22109099,0.616,0.614,Spanish
Peru,PER,1991,South America,22583006,0.596,0.614,Spanish
Peru,PER,1992,South America,23047248,0.229,0.635,Spanish
Peru,PER,1993,South America,23513882,0.259,0.758,Spanish
Peru,PER,1994,South America,23983258,0.255,0.758,Spanish
Peru,PER,1995,South America,24449055,0.358,0.758,Spanish
Peru,PER,1996,South America,24907304,0.372,0.758,Spanish
Peru,PER,1997,South America,25365386,0.372,0.758,Spanish
Peru,PER,1998,South America,25818226,0.358,0.747,Spanish
Peru,PER,1999,South America,26252239,0.358,0.747,Spanish
Peru,PER,2000,South America,26654439,0.427,0.729,Spanish
Peru,PER,2001,South America,27014909,0.696,0.577,Spanish
Peru,PER,2002,South America,27334503,0.793,0.605,Spanish
Peru,PER,2003,South America,27623341,0.793,0.605,Spanish
Peru,PER,2004,South America,27893911,0.791,0.605,Spanish
Peru,PER,2005,South America,28147267,0.791,0.605,Spanish
Peru,PER,2006,South America,28381078,0.788,0.615,Spanish
Peru,PER,2007,South America,28600387,0.786,0.628,Spanish
Peru,PER,2008,South America,28806185,0.79,0.628,Spanish
Peru,PER,2009,South America,29009326,0.789,0.628,Spanish
Peru,PER,2010,South America,29229572,0.795,0.638,Spanish
Peru,PER,2011,South America,29477721,0.801,0.583,Spanish
Peru,PER,2012,South America,29749589,0.809,0.578,Spanish
Peru,PER,2013,South America,30038809,0.806,0.62,Spanish
Peru,PER,2014,South America,30353951,0.805,0.62,Spanish
Peru,PER,2015,South America,30711863,0.795,0.605,Spanish
Peru,PER,2016,South America,31132779,0.775,0.601,Spanish
Peru,PER,2017,South America,31605486,0.775,0.601,Spanish
Peru,PER,2018,South America,32203944,0.793,0.581,Spanish
Peru,PER,2019,South America,32824861,0.785,0.594,Spanish
Peru,PER,2020,South America,33304756,0.803,0.594,Spanish
Saint Kitts and Nevis,KNA,1990,Caribbean,40636,NA,NA,British
Saint Kitts and Nevis,KNA,1991,Caribbean,40542,NA,NA,British
Saint Kitts and Nevis,KNA,1992,Caribbean,40900,NA,NA,British
Saint Kitts and Nevis,KNA,1993,Caribbean,41447,NA,NA,British
Saint Kitts and Nevis,KNA,1994,Caribbean,42001,NA,NA,British
Saint Kitts and Nevis,KNA,1995,Caribbean,42550,NA,NA,British
Saint Kitts and Nevis,KNA,1996,Caribbean,43097,NA,NA,British
Saint Kitts and Nevis,KNA,1997,Caribbean,43656,NA,NA,British
Saint Kitts and Nevis,KNA,1998,Caribbean,44230,NA,NA,British
Saint Kitts and Nevis,KNA,1999,Caribbean,44825,NA,NA,British
Saint Kitts and Nevis,KNA,2000,Caribbean,45461,NA,NA,British
Saint Kitts and Nevis,KNA,2001,Caribbean,45986,NA,NA,British
Saint Kitts and Nevis,KNA,2002,Caribbean,46264,NA,NA,British
Saint Kitts and Nevis,KNA,2003,Caribbean,46431,NA,NA,British
Saint Kitts and Nevis,KNA,2004,Caribbean,46580,NA,NA,British
Saint Kitts and Nevis,KNA,2005,Caribbean,46725,NA,NA,British
Saint Kitts and Nevis,KNA,2006,Caribbean,46874,NA,NA,British
Saint Kitts and Nevis,KNA,2007,Caribbean,47015,NA,NA,British
Saint Kitts and Nevis,KNA,2008,Caribbean,47156,NA,NA,British
Saint Kitts and Nevis,KNA,2009,Caribbean,47286,NA,NA,British
Saint Kitts and Nevis,KNA,2010,Caribbean,47403,NA,NA,British
Saint Kitts and Nevis,KNA,2011,Caribbean,47581,NA,NA,British
Saint Kitts and Nevis,KNA,2012,Caribbean,47727,NA,NA,British
Saint Kitts and Nevis,KNA,2013,Caribbean,47767,NA,NA,British
Saint Kitts and Nevis,KNA,2014,Caribbean,47789,NA,NA,British
Saint Kitts and Nevis,KNA,2015,Caribbean,47790,NA,NA,British
Saint Kitts and Nevis,KNA,2016,Caribbean,47788,NA,NA,British
Saint Kitts and Nevis,KNA,2017,Caribbean,47785,NA,NA,British
Saint Kitts and Nevis,KNA,2018,Caribbean,47761,NA,NA,British
Saint Kitts and Nevis,KNA,2019,Caribbean,47712,NA,NA,British
Saint Kitts and Nevis,KNA,2020,Caribbean,47642,NA,NA,British
Saint Lucia,LCA,1990,Caribbean,142301,NA,NA,British
Saint Lucia,LCA,1991,Caribbean,144268,NA,NA,British
Saint Lucia,LCA,1992,Caribbean,146420,NA,NA,British
Saint Lucia,LCA,1993,Caribbean,148595,NA,NA,British
Saint Lucia,LCA,1994,Caribbean,150561,NA,NA,British
Saint Lucia,LCA,1995,Caribbean,152348,NA,NA,British
Saint Lucia,LCA,1996,Caribbean,153969,NA,NA,British
Saint Lucia,LCA,1997,Caribbean,155454,NA,NA,British
Saint Lucia,LCA,1998,Caribbean,156855,NA,NA,British
Saint Lucia,LCA,1999,Caribbean,158256,NA,NA,British
Saint Lucia,LCA,2000,Caribbean,159500,NA,NA,British
Saint Lucia,LCA,2001,Caribbean,160594,NA,NA,British
Saint Lucia,LCA,2002,Caribbean,161799,NA,NA,British
Saint Lucia,LCA,2003,Caribbean,163047,NA,NA,British
Saint Lucia,LCA,2004,Caribbean,164239,NA,NA,British
Saint Lucia,LCA,2005,Caribbean,165386,NA,NA,British
Saint Lucia,LCA,2006,Caribbean,166470,NA,NA,British
Saint Lucia,LCA,2007,Caribbean,167518,NA,NA,British
Saint Lucia,LCA,2008,Caribbean,168576,NA,NA,British
Saint Lucia,LCA,2009,Caribbean,169688,NA,NA,British
Saint Lucia,LCA,2010,Caribbean,170935,NA,NA,British
Saint Lucia,LCA,2011,Caribbean,172145,NA,NA,British
Saint Lucia,LCA,2012,Caribbean,173124,NA,NA,British
Saint Lucia,LCA,2013,Caribbean,173978,NA,NA,British
Saint Lucia,LCA,2014,Caribbean,174804,NA,NA,British
Saint Lucia,LCA,2015,Caribbean,175623,NA,NA,British
Saint Lucia,LCA,2016,Caribbean,176413,NA,NA,British
Saint Lucia,LCA,2017,Caribbean,177163,NA,NA,British
Saint Lucia,LCA,2018,Caribbean,177888,NA,NA,British
Saint Lucia,LCA,2019,Caribbean,178583,NA,NA,British
Saint Lucia,LCA,2020,Caribbean,179237,NA,NA,British
Saint Vincent and the Grenadines,VCT,1990,Caribbean,112487,NA,NA,British
Saint Vincent and the Grenadines,VCT,1991,Caribbean,112780,NA,NA,British
Saint Vincent and the Grenadines,VCT,1992,Caribbean,113222,NA,NA,British
Saint Vincent and the Grenadines,VCT,1993,Caribbean,113621,NA,NA,British
Saint Vincent and the Grenadines,VCT,1994,Caribbean,113944,NA,NA,British
Saint Vincent and the Grenadines,VCT,1995,Caribbean,114174,NA,NA,British
Saint Vincent and the Grenadines,VCT,1996,Caribbean,114290,NA,NA,British
Saint Vincent and the Grenadines,VCT,1997,Caribbean,114276,NA,NA,British
Saint Vincent and the Grenadines,VCT,1998,Caribbean,114165,NA,NA,British
Saint Vincent and the Grenadines,VCT,1999,Caribbean,113995,NA,NA,British
Saint Vincent and the Grenadines,VCT,2000,Caribbean,113813,NA,NA,British
Saint Vincent and the Grenadines,VCT,2001,Caribbean,113641,NA,NA,British
Saint Vincent and the Grenadines,VCT,2002,Caribbean,113450,NA,NA,British
Saint Vincent and the Grenadines,VCT,2003,Caribbean,113108,NA,NA,British
Saint Vincent and the Grenadines,VCT,2004,Caribbean,112608,NA,NA,British
Saint Vincent and the Grenadines,VCT,2005,Caribbean,112043,NA,NA,British
Saint Vincent and the Grenadines,VCT,2006,Caribbean,111427,NA,NA,British
Saint Vincent and the Grenadines,VCT,2007,Caribbean,110824,NA,NA,British
Saint Vincent and the Grenadines,VCT,2008,Caribbean,110316,NA,NA,British
Saint Vincent and the Grenadines,VCT,2009,Caribbean,109840,NA,NA,British
Saint Vincent and the Grenadines,VCT,2010,Caribbean,109308,NA,NA,British
Saint Vincent and the Grenadines,VCT,2011,Caribbean,108703,NA,NA,British
Saint Vincent and the Grenadines,VCT,2012,Caribbean,108083,NA,NA,British
Saint Vincent and the Grenadines,VCT,2013,Caribbean,107450,NA,NA,British
Saint Vincent and the Grenadines,VCT,2014,Caribbean,106912,NA,NA,British
Saint Vincent and the Grenadines,VCT,2015,Caribbean,106482,NA,NA,British
Saint Vincent and the Grenadines,VCT,2016,Caribbean,105963,NA,NA,British
Saint Vincent and the Grenadines,VCT,2017,Caribbean,105549,NA,NA,British
Saint Vincent and the Grenadines,VCT,2018,Caribbean,105281,NA,NA,British
Saint Vincent and the Grenadines,VCT,2019,Caribbean,104924,NA,NA,British
Saint Vincent and the Grenadines,VCT,2020,Caribbean,104632,NA,NA,British
Suriname,SUR,1990,South America,412756,0.732,0.212,Dutch
Suriname,SUR,1991,South America,415981,0.458,0.27,Dutch
Suriname,SUR,1992,South America,419521,0.776,0.27,Dutch
Suriname,SUR,1993,South America,422375,0.779,0.265,Dutch
Suriname,SUR,1994,South America,426548,0.779,0.265,Dutch
Suriname,SUR,1995,South America,434490,0.779,0.265,Dutch
Suriname,SUR,1996,South America,443834,0.786,0.248,Dutch
Suriname,SUR,1997,South America,452887,0.789,0.248,Dutch
Suriname,SUR,1998,South America,461749,0.789,0.248,Dutch
Suriname,SUR,1999,South America,470458,0.789,0.248,Dutch
Suriname,SUR,2000,South America,478998,0.797,0.248,Dutch
Suriname,SUR,2001,South America,487394,0.792,0.248,Dutch
Suriname,SUR,2002,South America,495666,0.792,0.248,Dutch
Suriname,SUR,2003,South America,503780,0.792,0.248,Dutch
Suriname,SUR,2004,South America,510572,0.792,0.248,Dutch
Suriname,SUR,2005,South America,516220,0.788,0.248,Dutch
Suriname,SUR,2006,South America,522023,0.785,0.248,Dutch
Suriname,SUR,2007,South America,527946,0.783,0.248,Dutch
Suriname,SUR,2008,South America,533938,0.784,0.248,Dutch
Suriname,SUR,2009,South America,539987,0.784,0.248,Dutch
Suriname,SUR,2010,South America,546080,0.777,0.256,Dutch
Suriname,SUR,2011,South America,552146,0.77,0.256,Dutch
Suriname,SUR,2012,South America,558111,0.77,0.256,Dutch
Suriname,SUR,2013,South America,563947,0.767,0.278,Dutch
Suriname,SUR,2014,South America,569682,0.767,0.278,Dutch
Suriname,SUR,2015,South America,575475,0.774,0.278,Dutch
Suriname,SUR,2016,South America,581453,0.778,0.321,Dutch
Suriname,SUR,2017,South America,587559,0.766,0.352,Dutch
Suriname,SUR,2018,South America,593715,0.766,0.38,Dutch
Suriname,SUR,2019,South America,600301,0.766,0.38,Dutch
Suriname,SUR,2020,South America,607065,0.761,0.291,Dutch
Trinidad and Tobago,TTO,1990,Caribbean,1266518,0.743,0.151,British
Trinidad and Tobago,TTO,1991,Caribbean,1276224,0.748,0.151,British
Trinidad and Tobago,TTO,1992,Caribbean,1285502,0.765,0.151,British
Trinidad and Tobago,TTO,1993,Caribbean,1293974,0.765,0.151,British
Trinidad and Tobago,TTO,1994,Caribbean,1301393,0.769,0.151,British
Trinidad and Tobago,TTO,1995,Caribbean,1307822,0.767,0.159,British
Trinidad and Tobago,TTO,1996,Caribbean,1313434,0.763,0.159,British
Trinidad and Tobago,TTO,1997,Caribbean,1318171,0.763,0.159,British
Trinidad and Tobago,TTO,1998,Caribbean,1322572,0.763,0.159,British
Trinidad and Tobago,TTO,1999,Caribbean,1327063,0.763,0.159,British
Trinidad and Tobago,TTO,2000,Caribbean,1332203,0.77,0.159,British
Trinidad and Tobago,TTO,2001,Caribbean,1338567,0.744,0.159,British
Trinidad and Tobago,TTO,2002,Caribbean,1345964,0.752,0.146,British
Trinidad and Tobago,TTO,2003,Caribbean,1353548,0.77,0.146,British
Trinidad and Tobago,TTO,2004,Caribbean,1361172,0.77,0.146,British
Trinidad and Tobago,TTO,2005,Caribbean,1369075,0.77,0.146,British
Trinidad and Tobago,TTO,2006,Caribbean,1376919,0.773,0.146,British
Trinidad and Tobago,TTO,2007,Caribbean,1384861,0.77,0.146,British
Trinidad and Tobago,TTO,2008,Caribbean,1392803,0.77,0.146,British
Trinidad and Tobago,TTO,2009,Caribbean,1401191,0.77,0.152,British
Trinidad and Tobago,TTO,2010,Caribbean,1410296,0.782,0.164,British
Trinidad and Tobago,TTO,2011,Caribbean,1420020,0.786,0.164,British
Trinidad and Tobago,TTO,2012,Caribbean,1430377,0.786,0.164,British
Trinidad and Tobago,TTO,2013,Caribbean,1440729,0.753,0.164,British
Trinidad and Tobago,TTO,2014,Caribbean,1450661,0.753,0.164,British
Trinidad and Tobago,TTO,2015,Caribbean,1460177,0.758,0.164,British
Trinidad and Tobago,TTO,2016,Caribbean,1469330,0.758,0.093,British
Trinidad and Tobago,TTO,2017,Caribbean,1478607,0.758,0.118,British
Trinidad and Tobago,TTO,2018,Caribbean,1504709,0.751,0.102,British
Trinidad and Tobago,TTO,2019,Caribbean,1519955,0.751,0.092,British
Trinidad and Tobago,TTO,2020,Caribbean,1518147,0.753,0.092,British
United States,USA,1990,Northern America,249623000,0.873,0.059,Never colonized
United States,USA,1991,Northern America,252981000,0.868,0.059,Never colonized
United States,USA,1992,Northern America,256514000,0.873,0.059,Never colonized
United States,USA,1993,Northern America,259919000,0.873,0.059,Never colonized
United States,USA,1994,Northern America,263126000,0.873,0.059,Never colonized
United States,USA,1995,Northern America,266278000,0.872,0.059,Never colonized
United States,USA,1996,Northern America,269394000,0.872,0.059,Never colonized
United States,USA,1997,Northern America,272657000,0.873,0.059,Never colonized
United States,USA,1998,Northern America,275854000,0.873,0.059,Never colonized
United States,USA,1999,Northern America,279040000,0.874,0.059,Never colonized
United States,USA,2000,Northern America,282162411,0.868,0.059,Never colonized
United States,USA,2001,Northern America,284968955,0.829,0.059,Never colonized
United States,USA,2002,Northern America,287625193,0.832,0.059,Never colonized
United States,USA,2003,Northern America,290107933,0.866,0.059,Never colonized
United States,USA,2004,Northern America,292805298,0.869,0.059,Never colonized
United States,USA,2005,Northern America,295516599,0.867,0.059,Never colonized
United States,USA,2006,Northern America,298379912,0.872,0.059,Never colonized
United States,USA,2007,Northern America,301231207,0.898,0.059,Never colonized
United States,USA,2008,Northern America,304093966,0.9,0.059,Never colonized
United States,USA,2009,Northern America,306771529,0.907,0.058,Never colonized
United States,USA,2010,Northern America,309327143,0.907,0.058,Never colonized
United States,USA,2011,Northern America,311583481,0.905,0.058,Never colonized
United States,USA,2012,Northern America,313877662,0.902,0.057,Never colonized
United States,USA,2013,Northern America,316059947,0.906,0.057,Never colonized
United States,USA,2014,Northern America,318386329,0.906,0.057,Never colonized
United States,USA,2015,Northern America,320738994,0.905,0.057,Never colonized
United States,USA,2016,Northern America,323071755,0.891,0.074,Never colonized
United States,USA,2017,Northern America,325122128,0.834,0.112,Never colonized
United States,USA,2018,Northern America,326838199,0.829,0.111,Never colonized
United States,USA,2019,Northern America,328329953,0.808,0.099,Never colonized
United States,USA,2020,Northern America,331501080,0.807,0.091,Never colonized
Uruguay,URY,1990,South America,3117012,0.837,0.052,Spanish
Uruguay,URY,1991,South America,3135374,0.838,0.052,Spanish
Uruguay,URY,1992,South America,3153732,0.838,0.052,Spanish
Uruguay,URY,1993,South America,3171747,0.838,0.052,Spanish
Uruguay,URY,1994,South America,3189945,0.837,0.052,Spanish
Uruguay,URY,1995,South America,3208300,0.865,0.045,Spanish
Uruguay,URY,1996,South America,3226633,0.865,0.046,Spanish
Uruguay,URY,1997,South America,3245069,0.865,0.046,Spanish
Uruguay,URY,1998,South America,3262683,0.876,0.046,Spanish
Uruguay,URY,1999,South America,3278963,0.875,0.046,Spanish
Uruguay,URY,2000,South America,3292224,0.874,0.046,Spanish
Uruguay,URY,2001,South America,3300939,0.874,0.046,Spanish
Uruguay,URY,2002,South America,3306441,0.874,0.046,Spanish
Uruguay,URY,2003,South America,3310202,0.874,0.046,Spanish
Uruguay,URY,2004,South America,3313801,0.875,0.046,Spanish
Uruguay,URY,2005,South America,3317665,0.888,0.046,Spanish
Uruguay,URY,2006,South America,3322282,0.891,0.046,Spanish
Uruguay,URY,2007,South America,3328651,0.891,0.046,Spanish
Uruguay,URY,2008,South America,3336126,0.891,0.046,Spanish
Uruguay,URY,2009,South America,3344156,0.893,0.046,Spanish
Uruguay,URY,2010,South America,3352651,0.91,0.046,Spanish
Uruguay,URY,2011,South America,3361637,0.91,0.046,Spanish
Uruguay,URY,2012,South America,3371133,0.91,0.046,Spanish
Uruguay,URY,2013,South America,3381180,0.908,0.054,Spanish
Uruguay,URY,2014,South America,3391662,0.907,0.054,Spanish
Uruguay,URY,2015,South America,3402818,0.896,0.05,Spanish
Uruguay,URY,2016,South America,3413766,0.896,0.05,Spanish
Uruguay,URY,2017,South America,3422200,0.886,0.05,Spanish
Uruguay,URY,2018,South America,3427042,0.893,0.05,Spanish
Uruguay,URY,2019,South America,3428409,0.89,0.05,Spanish
Uruguay,URY,2020,South America,3429086,0.864,0.05,Spanish
Venezuela,VEN,1990,South America,19750579,0.753,0.699,Spanish
Venezuela,VEN,1991,South America,20226214,0.753,0.699,Spanish
Venezuela,VEN,1992,South America,20700461,0.742,0.706,Spanish
Venezuela,VEN,1993,South America,21172100,0.743,0.697,Spanish
Venezuela,VEN,1994,South America,21640833,0.758,0.697,Spanish
Venezuela,VEN,1995,South America,22107286,0.758,0.693,Spanish
Venezuela,VEN,1996,South America,22572110,0.758,0.693,Spanish
Venezuela,VEN,1997,South America,23037561,0.753,0.701,Spanish
Venezuela,VEN,1998,South America,23503819,0.743,0.701,Spanish
Venezuela,VEN,1999,South America,23966960,0.707,0.737,Spanish
Venezuela,VEN,2000,South America,24427729,0.599,0.888,Spanish
Venezuela,VEN,2001,South America,24880203,0.54,0.888,Spanish
Venezuela,VEN,2002,South America,25330929,0.5,0.894,Spanish
Venezuela,VEN,2003,South America,25782029,0.487,0.894,Spanish
Venezuela,VEN,2004,South America,26226927,0.475,0.904,Spanish
Venezuela,VEN,2005,South America,26668785,0.474,0.924,Spanish
Venezuela,VEN,2006,South America,27102081,0.456,0.924,Spanish
Venezuela,VEN,2007,South America,27525097,0.441,0.938,Spanish
Venezuela,VEN,2008,South America,27933833,0.438,0.937,Spanish
Venezuela,VEN,2009,South America,28327892,0.434,0.941,Spanish
Venezuela,VEN,2010,South America,28715022,0.427,0.949,Spanish
Venezuela,VEN,2011,South America,29096159,0.42,0.956,Spanish
Venezuela,VEN,2012,South America,29470426,0.414,0.956,Spanish
Venezuela,VEN,2013,South America,29838021,0.339,0.963,Spanish
Venezuela,VEN,2014,South America,30193258,0.312,0.962,Spanish
Venezuela,VEN,2015,South America,30529716,0.307,0.926,Spanish
Venezuela,VEN,2016,South America,30741464,0.294,0.854,Spanish
Venezuela,VEN,2017,South America,30563433,0.245,0.858,Spanish
Venezuela,VEN,2018,South America,29825653,0.217,0.86,Spanish
Venezuela,VEN,2019,South America,28971683,0.209,0.932,Spanish
Venezuela,VEN,2020,South America,28490453,0.209,0.935,Spanish
